test,source
RapidJson.ReaderParseInsitu_DummyHandler_SSE42,test/perftest/rapidjsontest.cpp:75
RapidJson.ReaderParseInsitu_DummyHandler_ValidateEncoding_SSE42,test/perftest/rapidjsontest.cpp:85
RapidJson.ReaderParse_DummyHandler_SSE42,test/perftest/rapidjsontest.cpp:95
RapidJson.ReaderParse_DummyHandler_Booleans_SSE42,test/perftest/rapidjsontest.cpp:123
RapidJson.ReaderParseInsitu_DummyHandler_Booleans_SSE42,test/perftest/rapidjsontest.cpp:123
RapidJson.ReaderParse_DummyHandler_Floats_SSE42,test/perftest/rapidjsontest.cpp:124
RapidJson.ReaderParseInsitu_DummyHandler_Floats_SSE42,test/perftest/rapidjsontest.cpp:124
RapidJson.ReaderParse_DummyHandler_Guids_SSE42,test/perftest/rapidjsontest.cpp:125
RapidJson.ReaderParseInsitu_DummyHandler_Guids_SSE42,test/perftest/rapidjsontest.cpp:125
RapidJson.ReaderParse_DummyHandler_Integers_SSE42,test/perftest/rapidjsontest.cpp:126
RapidJson.ReaderParseInsitu_DummyHandler_Integers_SSE42,test/perftest/rapidjsontest.cpp:126
RapidJson.ReaderParse_DummyHandler_Mixed_SSE42,test/perftest/rapidjsontest.cpp:127
RapidJson.ReaderParseInsitu_DummyHandler_Mixed_SSE42,test/perftest/rapidjsontest.cpp:127
RapidJson.ReaderParse_DummyHandler_Nulls_SSE42,test/perftest/rapidjsontest.cpp:128
RapidJson.ReaderParseInsitu_DummyHandler_Nulls_SSE42,test/perftest/rapidjsontest.cpp:128
RapidJson.ReaderParse_DummyHandler_Paragraphs_SSE42,test/perftest/rapidjsontest.cpp:129
RapidJson.ReaderParseInsitu_DummyHandler_Paragraphs_SSE42,test/perftest/rapidjsontest.cpp:129
RapidJson.ReaderParse_DummyHandler_FullPrecision_SSE42,test/perftest/rapidjsontest.cpp:133
RapidJson.ReaderParseIterative_DummyHandler_SSE42,test/perftest/rapidjsontest.cpp:142
RapidJson.ReaderParseIterativeInsitu_DummyHandler_SSE42,test/perftest/rapidjsontest.cpp:151
RapidJson.ReaderParseIterativePull_DummyHandler_SSE42,test/perftest/rapidjsontest.cpp:161
RapidJson.ReaderParseIterativePullInsitu_DummyHandler_SSE42,test/perftest/rapidjsontest.cpp:175
RapidJson.ReaderParse_DummyHandler_ValidateEncoding_SSE42,test/perftest/rapidjsontest.cpp:190
RapidJson.DocumentParseInsitu_MemoryPoolAllocator_SSE42,test/perftest/rapidjsontest.cpp:199
RapidJson.DocumentParseIterativeInsitu_MemoryPoolAllocator_SSE42,test/perftest/rapidjsontest.cpp:208
RapidJson.DocumentParse_MemoryPoolAllocator_SSE42,test/perftest/rapidjsontest.cpp:217
RapidJson.DocumentParseLength_MemoryPoolAllocator_SSE42,test/perftest/rapidjsontest.cpp:225
RapidJson.DocumentParseStdString_MemoryPoolAllocator_SSE42,test/perftest/rapidjsontest.cpp:234
RapidJson.DocumentParseIterative_MemoryPoolAllocator_SSE42,test/perftest/rapidjsontest.cpp:244
RapidJson.DocumentParse_CrtAllocator_SSE42,test/perftest/rapidjsontest.cpp:252
RapidJson.DocumentParseEncodedInputStream_MemoryStream_SSE42,test/perftest/rapidjsontest.cpp:261
RapidJson.DocumentParseAutoUTFInputStream_MemoryStream_SSE42,test/perftest/rapidjsontest.cpp:271
RapidJson.DocumentTraverse,test/perftest/rapidjsontest.cpp:304
RapidJson.DocumentAccept,test/perftest/rapidjsontest.cpp:331
RapidJson.DocumentFind,test/perftest/rapidjsontest.cpp:339
RapidJson.Writer_NullStream,test/perftest/rapidjsontest.cpp:365
RapidJson.Writer_StringBuffer_SSE42,test/perftest/rapidjsontest.cpp:375
RapidJson.Writer_StringBuffer_Booleans_SSE42,test/perftest/rapidjsontest.cpp:398
RapidJson.Writer_StringBuffer_Floats_SSE42,test/perftest/rapidjsontest.cpp:399
RapidJson.Writer_StringBuffer_Guids_SSE42,test/perftest/rapidjsontest.cpp:400
RapidJson.Writer_StringBuffer_Integers_SSE42,test/perftest/rapidjsontest.cpp:401
RapidJson.Writer_StringBuffer_Mixed_SSE42,test/perftest/rapidjsontest.cpp:402
RapidJson.Writer_StringBuffer_Nulls_SSE42,test/perftest/rapidjsontest.cpp:403
RapidJson.Writer_StringBuffer_Paragraphs_SSE42,test/perftest/rapidjsontest.cpp:404
RapidJson.PrettyWriter_StringBuffer_SSE42,test/perftest/rapidjsontest.cpp:408
RapidJson.internal_Pow10,test/perftest/rapidjsontest.cpp:421
RapidJson.SkipWhitespace_Basic,test/perftest/rapidjsontest.cpp:428
RapidJson.SkipWhitespace_SSE42,test/perftest/rapidjsontest.cpp:437
RapidJson.SkipWhitespace_strspn,test/perftest/rapidjsontest.cpp:445
RapidJson.UTF8_Validate,test/perftest/rapidjsontest.cpp:452
RapidJson.FileReadStream,test/perftest/rapidjsontest.cpp:464
RapidJson.ReaderParse_DummyHandler_FileReadStream_SSE42,test/perftest/rapidjsontest.cpp:475
RapidJson.IStreamWrapper,test/perftest/rapidjsontest.cpp:487
RapidJson.IStreamWrapper_Unbuffered,test/perftest/rapidjsontest.cpp:498
RapidJson.IStreamWrapper_Setbuffered,test/perftest/rapidjsontest.cpp:508
RapidJson.ReaderParse_DummyHandler_IStreamWrapper_SSE42,test/perftest/rapidjsontest.cpp:521
RapidJson.ReaderParse_DummyHandler_IStreamWrapper_Unbuffered_SSE42,test/perftest/rapidjsontest.cpp:533
RapidJson.ReaderParse_DummyHandler_IStreamWrapper_Setbuffered_SSE42,test/perftest/rapidjsontest.cpp:544
RapidJson.StringBuffer,test/perftest/rapidjsontest.cpp:558
Schema.TestSuite,test/perftest/schematest.cpp:198
Allocator.CrtAllocator,test/unittest/allocatorstest.cpp:176
Allocator.MemoryPoolAllocator,test/unittest/allocatorstest.cpp:190
Allocator.Alignment,test/unittest/allocatorstest.cpp:257
Allocator.Issue399,test/unittest/allocatorstest.cpp:275
BigInteger.Constructor,test/unittest/bigintegertest.cpp:28
BigInteger.AddUint64,test/unittest/bigintegertest.cpp:44
BigInteger.MultiplyUint64,test/unittest/bigintegertest.cpp:63
BigInteger.MultiplyUint32,test/unittest/bigintegertest.cpp:85
BigInteger.LeftShift,test/unittest/bigintegertest.cpp:107
BigInteger.Compare,test/unittest/bigintegertest.cpp:130
clzll.normal,test/unittest/clzlltest.cpp:24
CursorStreamWrapper.MissingFirstBracket,test/unittest/cursorstreamwrappertest.cpp:36
CursorStreamWrapper.MissingQuotes,test/unittest/cursorstreamwrappertest.cpp:45
CursorStreamWrapper.MissingColon,test/unittest/cursorstreamwrappertest.cpp:54
CursorStreamWrapper.MissingSecondQuotes,test/unittest/cursorstreamwrappertest.cpp:63
CursorStreamWrapper.MissingComma,test/unittest/cursorstreamwrappertest.cpp:72
CursorStreamWrapper.MissingArrayBracket,test/unittest/cursorstreamwrappertest.cpp:81
CursorStreamWrapper.MissingArrayComma,test/unittest/cursorstreamwrappertest.cpp:90
CursorStreamWrapper.MissingLastArrayBracket,test/unittest/cursorstreamwrappertest.cpp:99
CursorStreamWrapper.MissingLastBracket,test/unittest/cursorstreamwrappertest.cpp:108
Document.Parse,test/unittest/documenttest.cpp:120
Document.UnchangedOnParseError,test/unittest/documenttest.cpp:127
Document.Parse_Encoding,test/unittest/documenttest.cpp:174
Document.ParseStream_EncodedInputStream,test/unittest/documenttest.cpp:215
Document.ParseStream_AutoUTFInputStream,test/unittest/documenttest.cpp:256
Document.Swap,test/unittest/documenttest.cpp:293
Document.AcceptWriter,test/unittest/documenttest.cpp:361
Document.UserBuffer,test/unittest/documenttest.cpp:372
Document.AssertAcceptInvalidNameType,test/unittest/documenttest.cpp:390
Document.UTF16_Document,test/unittest/documenttest.cpp:402
Document.CrtAllocator,test/unittest/valuetest.cpp:1703
DocumentMove/0.MoveConstructor,test/unittest/documenttest.cpp:466
DocumentMove/0.MoveConstructorParseError,test/unittest/documenttest.cpp:500
DocumentMove/0.MoveAssignment,test/unittest/documenttest.cpp:563
DocumentMove/0.MoveAssignmentParseError,test/unittest/documenttest.cpp:599
DocumentMove/1.MoveConstructor,test/unittest/documenttest.cpp:466
DocumentMove/1.MoveConstructorParseError,test/unittest/documenttest.cpp:500
DocumentMove/1.MoveAssignment,test/unittest/documenttest.cpp:563
DocumentMove/1.MoveAssignmentParseError,test/unittest/documenttest.cpp:599
dtoa.normal,test/unittest/dtoatest.cpp:25
dtoa.maxDecimalPlaces,test/unittest/dtoatest.cpp:54
EncodedStreamTest.EncodedInputStream,test/unittest/encodedstreamtest.cpp:254
EncodedStreamTest.AutoUTFInputStream,test/unittest/encodedstreamtest.cpp:267
EncodedStreamTest.EncodedOutputStream,test/unittest/encodedstreamtest.cpp:289
EncodedStreamTest.AutoUTFOutputStream,test/unittest/encodedstreamtest.cpp:302
EncodingsTest.UTF8,test/unittest/encodingstest.cpp:285
EncodingsTest.UTF16,test/unittest/encodingstest.cpp:337
EncodingsTest.UTF32,test/unittest/encodingstest.cpp:397
EncodingsTest.ASCII,test/unittest/encodingstest.cpp:428
Fwd.Fwd,test/unittest/fwdtest.cpp:224
FileStreamTest.FileReadStream,test/unittest/filestreamtest.cpp:90
FileStreamTest.FileReadStream_Peek4,test/unittest/filestreamtest.cpp:108
FileStreamTest.FileWriteStream,test/unittest/filestreamtest.cpp:132
itoa.u32toa,test/unittest/itoatest.cpp:142
itoa.i32toa,test/unittest/itoatest.cpp:146
itoa.u64toa,test/unittest/itoatest.cpp:150
itoa.i64toa,test/unittest/itoatest.cpp:154
IStreamWrapper.istringstream,test/unittest/istreamwrappertest.cpp:89
IStreamWrapper.stringstream,test/unittest/istreamwrappertest.cpp:93
IStreamWrapper.wistringstream,test/unittest/istreamwrappertest.cpp:97
IStreamWrapper.wstringstream,test/unittest/istreamwrappertest.cpp:101
IStreamWrapper.ifstream,test/unittest/istreamwrappertest.cpp:124
IStreamWrapper.fstream,test/unittest/istreamwrappertest.cpp:135
JsonChecker.Reader,test/unittest/jsoncheckertest.cpp:69
NamespaceTest.Using,test/unittest/namespacetest.cpp:34
NamespaceTest.Direct,test/unittest/namespacetest.cpp:43
Pointer.DefaultConstructor,test/unittest/pointertest.cpp:38
Pointer.Parse,test/unittest/pointertest.cpp:44
Pointer.Parse_URIFragment,test/unittest/pointertest.cpp:193
Pointer.Stringify,test/unittest/pointertest.cpp:404
Pointer.ConstructorWithToken,test/unittest/pointertest.cpp:455
Pointer.CopyConstructor,test/unittest/pointertest.cpp:466
Pointer.Assignment,test/unittest/pointertest.cpp:497
Pointer.Swap,test/unittest/pointertest.cpp:537
Pointer.Append,test/unittest/pointertest.cpp:567
Pointer.Equality,test/unittest/pointertest.cpp:597
Pointer.Inequality,test/unittest/pointertest.cpp:605
Pointer.Create,test/unittest/pointertest.cpp:613
Pointer.GetUri,test/unittest/pointertest.cpp:663
Pointer.Get,test/unittest/pointertest.cpp:699
Pointer.GetWithDefault,test/unittest/pointertest.cpp:731
Pointer.GetWithDefault_NoAllocator,test/unittest/pointertest.cpp:784
Pointer.Set,test/unittest/pointertest.cpp:836
Pointer.Set_NoAllocator,test/unittest/pointertest.cpp:896
Pointer.Swap_Value,test/unittest/pointertest.cpp:955
Pointer.Swap_Value_NoAllocator,test/unittest/pointertest.cpp:964
Pointer.Erase,test/unittest/pointertest.cpp:972
Pointer.CreateValueByPointer,test/unittest/pointertest.cpp:1011
Pointer.CreateValueByPointer_NoAllocator,test/unittest/pointertest.cpp:1025
Pointer.GetValueByPointer,test/unittest/pointertest.cpp:1038
Pointer.GetValueByPointerWithDefault_Pointer,test/unittest/pointertest.cpp:1071
Pointer.GetValueByPointerWithDefault_String,test/unittest/pointertest.cpp:1124
Pointer.GetValueByPointerWithDefault_Pointer_NoAllocator,test/unittest/pointertest.cpp:1177
Pointer.GetValueByPointerWithDefault_String_NoAllocator,test/unittest/pointertest.cpp:1229
Pointer.SetValueByPointer_Pointer,test/unittest/pointertest.cpp:1281
Pointer.SetValueByPointer_String,test/unittest/pointertest.cpp:1338
Pointer.SetValueByPointer_Pointer_NoAllocator,test/unittest/pointertest.cpp:1395
Pointer.SetValueByPointer_String_NoAllocator,test/unittest/pointertest.cpp:1451
Pointer.SwapValueByPointer,test/unittest/pointertest.cpp:1507
Pointer.SwapValueByPointer_NoAllocator,test/unittest/pointertest.cpp:1520
Pointer.EraseValueByPointer_Pointer,test/unittest/pointertest.cpp:1532
Pointer.EraseValueByPointer_String,test/unittest/pointertest.cpp:1547
Pointer.Ambiguity,test/unittest/pointertest.cpp:1562
Pointer.ResolveOnObject,test/unittest/pointertest.cpp:1581
Pointer.ResolveOnArray,test/unittest/pointertest.cpp:1597
Pointer.LessThan,test/unittest/pointertest.cpp:1613
Pointer.Issue483,test/unittest/pointertest.cpp:1713
Pointer.Issue1899,test/unittest/pointertest.cpp:1721
Platform.GetObject,test/unittest/platformtest.cpp:29
PrettyWriter.Basic,test/unittest/prettywritertest.cpp:60
PrettyWriter.FormatOptions,test/unittest/prettywritertest.cpp:69
PrettyWriter.SetIndent,test/unittest/prettywritertest.cpp:79
PrettyWriter.String,test/unittest/prettywritertest.cpp:106
PrettyWriter.String_STDSTRING,test/unittest/prettywritertest.cpp:116
PrettyWriter.OStreamWrapper,test/unittest/prettywritertest.cpp:151
PrettyWriter.FileWriteStream,test/unittest/prettywritertest.cpp:167
PrettyWriter.RawValue,test/unittest/prettywritertest.cpp:192
PrettyWriter.InvalidEventSequence,test/unittest/prettywritertest.cpp:211
PrettyWriter.NaN,test/unittest/prettywritertest.cpp:262
PrettyWriter.Inf,test/unittest/prettywritertest.cpp:281
PrettyWriter.Issue_889,test/unittest/prettywritertest.cpp:305
PrettyWriter.MoveCtor,test/unittest/prettywritertest.cpp:329
PrettyWriter.Issue_1336,test/unittest/prettywritertest.cpp:342
OStreamWrapper.ostringstream,test/unittest/ostreamwrappertest.cpp:40
OStreamWrapper.stringstream,test/unittest/ostreamwrappertest.cpp:44
OStreamWrapper.wostringstream,test/unittest/ostreamwrappertest.cpp:48
OStreamWrapper.wstringstream,test/unittest/ostreamwrappertest.cpp:52
OStreamWrapper.cout,test/unittest/ostreamwrappertest.cpp:56
OStreamWrapper.ofstream,test/unittest/ostreamwrappertest.cpp:86
OStreamWrapper.fstream,test/unittest/ostreamwrappertest.cpp:90
Reader.ParseTrue,test/unittest/readertest.cpp:52
Reader.ParseFalse,test/unittest/readertest.cpp:60
Reader.ParseNumber_Integer,test/unittest/readertest.cpp:113
Reader.ParseNumber_NormalPrecisionDouble,test/unittest/readertest.cpp:588
Reader.ParseNumber_FullPrecisionDouble,test/unittest/readertest.cpp:592
Reader.ParseNumber_NormalPrecisionError,test/unittest/readertest.cpp:596
Reader.ParseNumberError_NormalPrecisionDouble,test/unittest/readertest.cpp:748
Reader.ParseNumberError_FullPrecisionDouble,test/unittest/readertest.cpp:752
Reader.ParseString,test/unittest/readertest.cpp:783
Reader.ParseString_Transcoding,test/unittest/readertest.cpp:868
Reader.ParseString_TranscodingWithValidation,test/unittest/readertest.cpp:879
Reader.ParseString_NonDestructive,test/unittest/readertest.cpp:890
Reader.ParseString_Error,test/unittest/readertest.cpp:908
Reader.ParseEmptyArray,test/unittest/readertest.cpp:1064
Reader.ParseArray,test/unittest/readertest.cpp:1074
Reader.ParseArray_Error,test/unittest/readertest.cpp:1084
Reader.ParseObject,test/unittest/readertest.cpp:1155
Reader.Parse_EmptyObject,test/unittest/readertest.cpp:1189
Reader.Parse_MultipleRoot,test/unittest/readertest.cpp:1222
Reader.ParseIterative_MultipleRoot,test/unittest/readertest.cpp:1226
Reader.ParseInsitu_MultipleRoot,test/unittest/readertest.cpp:1245
Reader.ParseInsituIterative_MultipleRoot,test/unittest/readertest.cpp:1249
Reader.ParseDocument_Error,test/unittest/readertest.cpp:1267
Reader.ParseValue_Error,test/unittest/readertest.cpp:1280
Reader.ParseObject_Error,test/unittest/readertest.cpp:1289
Reader.SkipWhitespace,test/unittest/readertest.cpp:1324
Reader.CustomStringStream,test/unittest/readertest.cpp:1373
Reader.Parse_IStreamWrapper_StringStream,test/unittest/readertest.cpp:1444
Reader.IterativeParsing_ErrorHandling,test/unittest/readertest.cpp:1471
Reader.IterativeParsing_General,test/unittest/readertest.cpp:1569
Reader.IterativeParsing_Count,test/unittest/readertest.cpp:1606
Reader.IterativePullParsing_General,test/unittest/readertest.cpp:1641
Reader.IterativeParsing_ShortCircuit,test/unittest/readertest.cpp:1703
Reader.BaseReaderHandler_Default,test/unittest/readertest.cpp:1754
Reader.ParseTerminationByHandler,test/unittest/readertest.cpp:1788
Reader.ParseComments,test/unittest/readertest.cpp:1808
Reader.ParseEmptyInlineComment,test/unittest/readertest.cpp:1826
Reader.ParseEmptyOnelineComment,test/unittest/readertest.cpp:1836
Reader.ParseMultipleCommentsInARow,test/unittest/readertest.cpp:1846
Reader.InlineCommentsAreDisabledByDefault,test/unittest/readertest.cpp:1859
Reader.OnelineCommentsAreDisabledByDefault,test/unittest/readertest.cpp:1882
Reader.EofAfterOneLineComment,test/unittest/readertest.cpp:1891
Reader.IncompleteMultilineComment,test/unittest/readertest.cpp:1901
Reader.IncompleteMultilineComment2,test/unittest/readertest.cpp:1911
Reader.UnrecognizedComment,test/unittest/readertest.cpp:1921
Reader.NumbersAsStrings,test/unittest/readertest.cpp:1961
Reader.NumbersAsStringsWChar_t,test/unittest/readertest.cpp:2073
Reader.TrailingCommas,test/unittest/readertest.cpp:2195
Reader.TrailingCommasIterative,test/unittest/readertest.cpp:2199
Reader.MultipleTrailingCommaErrors,test/unittest/readertest.cpp:2228
Reader.MultipleTrailingCommaErrorsIterative,test/unittest/readertest.cpp:2232
Reader.EmptyExceptForCommaErrors,test/unittest/readertest.cpp:2260
Reader.EmptyExceptForCommaErrorsIterative,test/unittest/readertest.cpp:2264
Reader.TrailingCommaHandlerTermination,test/unittest/readertest.cpp:2290
Reader.TrailingCommaHandlerTerminationIterative,test/unittest/readertest.cpp:2294
Reader.ParseNanAndInfinity,test/unittest/readertest.cpp:2298
Reader.EscapedApostrophe,test/unittest/readertest.cpp:2368
Regex.Single,test/unittest/regextest.cpp:20
Regex.Concatenation,test/unittest/regextest.cpp:29
Regex.Alternation1,test/unittest/regextest.cpp:41
Regex.Alternation2,test/unittest/regextest.cpp:54
Regex.Parenthesis1,test/unittest/regextest.cpp:66
Regex.Parenthesis2,test/unittest/regextest.cpp:78
Regex.Parenthesis3,test/unittest/regextest.cpp:90
Regex.ZeroOrOne1,test/unittest/regextest.cpp:103
Regex.ZeroOrOne2,test/unittest/regextest.cpp:112
Regex.ZeroOrOne3,test/unittest/regextest.cpp:124
Regex.ZeroOrOne4,test/unittest/regextest.cpp:136
Regex.ZeroOrOne5,test/unittest/regextest.cpp:150
Regex.ZeroOrMore1,test/unittest/regextest.cpp:160
Regex.ZeroOrMore2,test/unittest/regextest.cpp:171
Regex.ZeroOrMore3,test/unittest/regextest.cpp:182
Regex.ZeroOrMore4,test/unittest/regextest.cpp:196
Regex.OneOrMore1,test/unittest/regextest.cpp:207
Regex.OneOrMore2,test/unittest/regextest.cpp:218
Regex.OneOrMore3,test/unittest/regextest.cpp:228
Regex.OneOrMore4,test/unittest/regextest.cpp:241
Regex.QuantifierExact1,test/unittest/regextest.cpp:251
Regex.QuantifierExact2,test/unittest/regextest.cpp:262
Regex.QuantifierExact3,test/unittest/regextest.cpp:273
Regex.QuantifierMin1,test/unittest/regextest.cpp:286
Regex.QuantifierMin2,test/unittest/regextest.cpp:298
Regex.QuantifierMin3,test/unittest/regextest.cpp:309
Regex.QuantifierMinMax1,test/unittest/regextest.cpp:322
Regex.QuantifierMinMax2,test/unittest/regextest.cpp:335
Regex.QuantifierMinMax3,test/unittest/regextest.cpp:348
Regex.QuantifierMinMax4,test/unittest/regextest.cpp:366
Regex.QuantifierMinMax5,test/unittest/regextest.cpp:385
Regex.Unicode,test/unittest/regextest.cpp:406
Regex.AnyCharacter,test/unittest/regextest.cpp:416
Regex.CharacterRange1,test/unittest/regextest.cpp:427
Regex.CharacterRange2,test/unittest/regextest.cpp:440
Regex.CharacterRange3,test/unittest/regextest.cpp:453
Regex.CharacterRange4,test/unittest/regextest.cpp:466
Regex.CharacterRange5,test/unittest/regextest.cpp:479
Regex.CharacterRange6,test/unittest/regextest.cpp:488
Regex.CharacterRange7,test/unittest/regextest.cpp:499
Regex.CharacterRange8,test/unittest/regextest.cpp:510
Regex.Search,test/unittest/regextest.cpp:521
Regex.Search_BeginAnchor,test/unittest/regextest.cpp:537
Regex.Search_EndAnchor,test/unittest/regextest.cpp:552
Regex.Search_BothAnchor,test/unittest/regextest.cpp:567
Regex.Escape,test/unittest/regextest.cpp:579
Regex.Invalid,test/unittest/regextest.cpp:588
Regex.Issue538,test/unittest/regextest.cpp:629
Regex.Issue583,test/unittest/regextest.cpp:634
SchemaValidator.Hasher,test/unittest/schematest.cpp:51
SchemaValidator.Typeless,test/unittest/schematest.cpp:217
SchemaValidator.MultiType,test/unittest/schematest.cpp:227
SchemaValidator.Enum_Typed,test/unittest/schematest.cpp:242
SchemaValidator.Enum_Typeless,test/unittest/schematest.cpp:252
SchemaValidator.Enum_InvalidType,test/unittest/schematest.cpp:264
SchemaValidator.AllOf,test/unittest/schematest.cpp:278
SchemaValidator.AnyOf,test/unittest/schematest.cpp:311
SchemaValidator.OneOf,test/unittest/schematest.cpp:337
SchemaValidator.Not,test/unittest/schematest.cpp:365
SchemaValidator.Ref,test/unittest/schematest.cpp:376
SchemaValidator.Ref_AllOf,test/unittest/schematest.cpp:404
SchemaValidator.String,test/unittest/schematest.cpp:448
SchemaValidator.String_LengthRange,test/unittest/schematest.cpp:486
SchemaValidator.String_Pattern,test/unittest/schematest.cpp:508
SchemaValidator.String_Pattern_Invalid,test/unittest/schematest.cpp:529
SchemaValidator.Integer,test/unittest/schematest.cpp:541
SchemaValidator.Integer_Range,test/unittest/schematest.cpp:566
SchemaValidator.Integer_Range64Boundary,test/unittest/schematest.cpp:594
SchemaValidator.Integer_RangeU64Boundary,test/unittest/schematest.cpp:626
SchemaValidator.Integer_Range64BoundaryExclusive,test/unittest/schematest.cpp:683
SchemaValidator.Integer_MultipleOf,test/unittest/schematest.cpp:706
SchemaValidator.Integer_MultipleOf64Boundary,test/unittest/schematest.cpp:729
SchemaValidator.Number_Range,test/unittest/schematest.cpp:744
SchemaValidator.Number_RangeInt,test/unittest/schematest.cpp:780
SchemaValidator.Number_RangeDouble,test/unittest/schematest.cpp:855
SchemaValidator.Number_RangeDoubleU64Boundary,test/unittest/schematest.cpp:944
SchemaValidator.Number_MultipleOf,test/unittest/schematest.cpp:995
SchemaValidator.Number_MultipleOfOne,test/unittest/schematest.cpp:1039
SchemaValidator.Object,test/unittest/schematest.cpp:1054
SchemaValidator.Object_Properties,test/unittest/schematest.cpp:1075
SchemaValidator.Object_AdditionalPropertiesBoolean,test/unittest/schematest.cpp:1108
SchemaValidator.Object_AdditionalPropertiesObject,test/unittest/schematest.cpp:1134
SchemaValidator.Object_Required,test/unittest/schematest.cpp:1160
SchemaValidator.Object_Required_PassWithDefault,test/unittest/schematest.cpp:1191
SchemaValidator.Object_PropertiesRange,test/unittest/schematest.cpp:1221
SchemaValidator.Object_PropertyDependencies,test/unittest/schematest.cpp:1248
SchemaValidator.Object_SchemaDependencies,test/unittest/schematest.cpp:1284
SchemaValidator.Object_PatternProperties,test/unittest/schematest.cpp:1322
SchemaValidator.Object_PatternProperties_ErrorConflict,test/unittest/schematest.cpp:1351
SchemaValidator.Object_Properties_PatternProperties,test/unittest/schematest.cpp:1378
SchemaValidator.Object_PatternProperties_AdditionalPropertiesObject,test/unittest/schematest.cpp:1414
SchemaValidator.Object_PatternProperties_AdditionalPropertiesBoolean,test/unittest/schematest.cpp:1441
SchemaValidator.Array,test/unittest/schematest.cpp:1465
SchemaValidator.Array_ItemsList,test/unittest/schematest.cpp:1480
SchemaValidator.Array_ItemsTuple,test/unittest/schematest.cpp:1501
SchemaValidator.Array_AdditionalItems,test/unittest/schematest.cpp:1544
SchemaValidator.Array_ItemsRange,test/unittest/schematest.cpp:1579
SchemaValidator.Array_UniqueItems,test/unittest/schematest.cpp:1606
SchemaValidator.Boolean,test/unittest/schematest.cpp:1627
SchemaValidator.Null,test/unittest/schematest.cpp:1648
SchemaValidator.ObjectInArray,test/unittest/schematest.cpp:1676
SchemaValidator.MultiTypeInObject,test/unittest/schematest.cpp:1696
SchemaValidator.MultiTypeWithObject,test/unittest/schematest.cpp:1719
SchemaValidator.AllOf_Nested,test/unittest/schematest.cpp:1742
SchemaValidator.EscapedPointer,test/unittest/schematest.cpp:1824
SchemaValidator.SchemaPointer,test/unittest/schematest.cpp:1842
SchemaValidator.ValidateMetaSchema,test/unittest/schematest.cpp:2050
SchemaValidator.ValidateMetaSchema_UTF16,test/unittest/schematest.cpp:2078
SchemaValidator.TestSuite,test/unittest/schematest.cpp:2183
SchemaValidator.Issue608,test/unittest/schematest.cpp:2399
SchemaValidator.Issue728_AllOfRef,test/unittest/schematest.cpp:2414
SchemaValidator.Issue1017_allOfHandler,test/unittest/schematest.cpp:2423
SchemaValidator.Ref_remote,test/unittest/schematest.cpp:2442
SchemaValidator.Ref_remote_change_resolution_scope_uri,test/unittest/schematest.cpp:2461
SchemaValidator.Ref_remote_change_resolution_scope_relative_path,test/unittest/schematest.cpp:2480
SchemaValidator.Ref_remote_change_resolution_scope_absolute_path,test/unittest/schematest.cpp:2499
SchemaValidator.Ref_remote_change_resolution_scope_absolute_path_document,test/unittest/schematest.cpp:2518
SchemaValidator.Ref_internal_id_1,test/unittest/schematest.cpp:2537
SchemaValidator.Ref_internal_id_2,test/unittest/schematest.cpp:2555
SchemaValidator.Ref_internal_id_in_array,test/unittest/schematest.cpp:2573
SchemaValidator.Ref_internal_id_and_schema_pointer,test/unittest/schematest.cpp:2591
SchemaValidator.Ref_internal_multiple_ids,test/unittest/schematest.cpp:2610
SchemaValidator.Ref_remote_issue1210,test/unittest/schematest.cpp:2639
SchemaValidator.ContinueOnErrors,test/unittest/schematest.cpp:2678
SchemaValidator.ContinueOnErrors_OneOf,test/unittest/schematest.cpp:2773
SchemaValidator.ContinueOnErrors_AllOf,test/unittest/schematest.cpp:2799
SchemaValidator.ContinueOnErrors_AnyOf,test/unittest/schematest.cpp:2825
SchemaValidator.ContinueOnErrors_UniqueItems,test/unittest/schematest.cpp:2853
SchemaValidator.ContinueOnErrors_Enum,test/unittest/schematest.cpp:2875
SchemaValidator.ContinueOnErrors_RogueArray,test/unittest/schematest.cpp:2894
SchemaValidator.ContinueOnErrors_RogueObject,test/unittest/schematest.cpp:2913
SchemaValidator.ContinueOnErrors_RogueString,test/unittest/schematest.cpp:2928
SchemaValidator.ContinueOnErrors_BadSimpleType,test/unittest/schematest.cpp:2950
SchemaValidator.UnknownValidationError,test/unittest/schematest.cpp:2977
SchemaValidator.DuplicateKeyword,test/unittest/schematest.cpp:2982
SchemaValidator.Schema_SupportedNotObject,test/unittest/schematest.cpp:3000
SchemaValidator.Schema_SupportedNoSpec,test/unittest/schematest.cpp:3011
SchemaValidator.Schema_SupportedNoSpecStatic,test/unittest/schematest.cpp:3022
SchemaValidator.Schema_SupportedDraft5Static,test/unittest/schematest.cpp:3033
SchemaValidator.Schema_SupportedDraft4,test/unittest/schematest.cpp:3044
SchemaValidator.Schema_SupportedDraft4NoFrag,test/unittest/schematest.cpp:3055
SchemaValidator.Schema_SupportedDraft5,test/unittest/schematest.cpp:3066
SchemaValidator.Schema_SupportedDraft5NoFrag,test/unittest/schematest.cpp:3077
SchemaValidator.Schema_IgnoreDraftEmbedded,test/unittest/schematest.cpp:3088
SchemaValidator.Schema_SupportedDraftOverride,test/unittest/schematest.cpp:3099
SchemaValidator.Schema_UnknownDraftOverride,test/unittest/schematest.cpp:3110
SchemaValidator.Schema_UnsupportedDraftOverride,test/unittest/schematest.cpp:3121
SchemaValidator.Schema_UnknownDraft,test/unittest/schematest.cpp:3132
SchemaValidator.Schema_UnknownDraftNotString,test/unittest/schematest.cpp:3143
SchemaValidator.Schema_UnsupportedDraft3,test/unittest/schematest.cpp:3154
SchemaValidator.Schema_UnsupportedDraft6,test/unittest/schematest.cpp:3165
SchemaValidator.Schema_UnsupportedDraft7,test/unittest/schematest.cpp:3175
SchemaValidator.Schema_UnsupportedDraft2019_09,test/unittest/schematest.cpp:3186
SchemaValidator.Schema_UnsupportedDraft2020_12,test/unittest/schematest.cpp:3197
SchemaValidator.Schema_SupportedVersion20Static,test/unittest/schematest.cpp:3208
SchemaValidator.Schema_SupportedVersion20,test/unittest/schematest.cpp:3219
SchemaValidator.Schema_SupportedVersion30x,test/unittest/schematest.cpp:3230
SchemaValidator.Schema_SupportedVersionOverride,test/unittest/schematest.cpp:3241
SchemaValidator.Schema_UnknownVersionOverride,test/unittest/schematest.cpp:3252
SchemaValidator.Schema_UnsupportedVersionOverride,test/unittest/schematest.cpp:3263
SchemaValidator.Schema_UnknownVersion,test/unittest/schematest.cpp:3274
SchemaValidator.Schema_UnknownVersionShort,test/unittest/schematest.cpp:3285
SchemaValidator.Schema_UnknownVersionNotString,test/unittest/schematest.cpp:3296
SchemaValidator.Schema_UnsupportedVersion31,test/unittest/schematest.cpp:3307
SchemaValidator.Schema_DraftAndVersion,test/unittest/schematest.cpp:3318
SchemaValidator.Schema_StartUnknown,test/unittest/schematest.cpp:3327
SchemaValidator.Schema_MultipleErrors,test/unittest/schematest.cpp:3335
SchemaValidator.Schema_RefPlainNameOpenApi,test/unittest/schematest.cpp:3346
SchemaValidator.Schema_RefPlainNameRemote,test/unittest/schematest.cpp:3355
SchemaValidator.Schema_RefEmptyString,test/unittest/schematest.cpp:3365
SchemaValidator.Schema_RefNoRemoteProvider,test/unittest/schematest.cpp:3374
SchemaValidator.Schema_RefNoRemoteSchema,test/unittest/schematest.cpp:3383
SchemaValidator.Schema_RefPointerInvalid,test/unittest/schematest.cpp:3393
SchemaValidator.Schema_RefPointerInvalidRemote,test/unittest/schematest.cpp:3402
SchemaValidator.Schema_RefUnknownPlainName,test/unittest/schematest.cpp:3412
SchemaValidator.Schema_RefUnknownPointer,test/unittest/schematest.cpp:3421
SchemaValidator.Schema_RefUnknownPointerRemote,test/unittest/schematest.cpp:3430
SchemaValidator.Schema_RefCyclical,test/unittest/schematest.cpp:3440
SchemaValidator.Schema_ReadOnlyAndWriteOnly,test/unittest/schematest.cpp:3455
SchemaValidator.ReadOnlyWhenWriting,test/unittest/schematest.cpp:3465
SchemaValidator.WriteOnlyWhenReading,test/unittest/schematest.cpp:3487
SchemaValidator.NullableTrue,test/unittest/schematest.cpp:3509
SchemaValidator.NullableFalse,test/unittest/schematest.cpp:3540
SchemaValidatingReader.Simple,test/unittest/schematest.cpp:2293
SchemaValidatingReader.Invalid,test/unittest/schematest.cpp:2308
SchemaValidatingWriter.Simple,test/unittest/schematest.cpp:2337
Schema.Issue848,test/unittest/schematest.cpp:2370
Schema.Issue552,test/unittest/schematest.cpp:2385
SIMD.SkipWhitespace_SSE42,test/unittest/simdtest.cpp:77
SIMD.SkipWhitespace_EncodedMemoryStream_SSE42,test/unittest/simdtest.cpp:82
SIMD.ScanCopyUnescapedString_SSE42,test/unittest/simdtest.cpp:164
SIMD.ScanWriteUnescapedString_SSE42,test/unittest/simdtest.cpp:169
StrFunc.CountStringCodePoint,test/unittest/strfunctest.cpp:21
StringBuffer.InitialSize,test/unittest/stringbuffertest.cpp:26
StringBuffer.Put,test/unittest/stringbuffertest.cpp:33
StringBuffer.PutN_Issue672,test/unittest/stringbuffertest.cpp:42
StringBuffer.Clear,test/unittest/stringbuffertest.cpp:51
StringBuffer.Push,test/unittest/stringbuffertest.cpp:63
StringBuffer.Pop,test/unittest/stringbuffertest.cpp:75
StringBuffer.GetLength_Issue744,test/unittest/stringbuffertest.cpp:89
StringBuffer.MoveConstructor,test/unittest/stringbuffertest.cpp:141
StringBuffer.MoveAssignment,test/unittest/stringbuffertest.cpp:169
Strtod.CheckApproximationCase,test/unittest/strtodtest.cpp:28
Uri.DefaultConstructor,test/unittest/uritest.cpp:32
Uri.Parse,test/unittest/uritest.cpp:51
Uri.Parse_UTF16,test/unittest/uritest.cpp:158
Uri.Parse_Std,test/unittest/uritest.cpp:267
Uri.Parse_UTF16_Std,test/unittest/uritest.cpp:283
Uri.CopyConstructor,test/unittest/uritest.cpp:301
Uri.Assignment,test/unittest/uritest.cpp:311
Uri.Resolve,test/unittest/uritest.cpp:322
Uri.Resolve_UTF16,test/unittest/uritest.cpp:503
Uri.Equals,test/unittest/uritest.cpp:685
Uri.Match,test/unittest/uritest.cpp:697
Uri.Issue1899,test/unittest/uritest.cpp:714
Value.Size,test/unittest/valuetest.cpp:26
Value.DefaultConstructor,test/unittest/valuetest.cpp:38
Value.MoveConstructor,test/unittest/valuetest.cpp:96
Value.AssignmentOperator,test/unittest/valuetest.cpp:121
Value.EqualtoOperator,test/unittest/valuetest.cpp:180
Value.CopyFrom,test/unittest/valuetest.cpp:283
Value.Swap,test/unittest/valuetest.cpp:288
Value.Null,test/unittest/valuetest.cpp:304
Value.True,test/unittest/valuetest.cpp:327
Value.False,test/unittest/valuetest.cpp:358
Value.Int,test/unittest/valuetest.cpp:384
Value.Uint,test/unittest/valuetest.cpp:455
Value.Int64,test/unittest/valuetest.cpp:512
Value.Uint64,test/unittest/valuetest.cpp:576
Value.Double,test/unittest/valuetest.cpp:628
Value.Float,test/unittest/valuetest.cpp:660
Value.IsLosslessDouble,test/unittest/valuetest.cpp:697
Value.IsLosslessFloat,test/unittest/valuetest.cpp:722
Value.String,test/unittest/valuetest.cpp:732
Value.SetStringNull,test/unittest/valuetest.cpp:882
Value.Array,test/unittest/valuetest.cpp:1080
Value.ArrayHelper,test/unittest/valuetest.cpp:1134
Value.ArrayHelperRangeFor,test/unittest/valuetest.cpp:1196
Value.Object,test/unittest/valuetest.cpp:1493
Value.ObjectHelper,test/unittest/valuetest.cpp:1515
Value.ObjectHelperRangeFor,test/unittest/valuetest.cpp:1571
Value.EraseMember_String,test/unittest/valuetest.cpp:1609
Value.BigNestedArray,test/unittest/valuetest.cpp:1627
Value.BigNestedObject,test/unittest/valuetest.cpp:1648
Value.RemoveLastElement,test/unittest/valuetest.cpp:1690
Value.AllocateShortString,test/unittest/valuetest.cpp:1725
Value.AcceptTerminationByHandler,test/unittest/valuetest.cpp:1761
Value.Sorting,test/unittest/valuetest.cpp:1786
Value.MergeDuplicateKey,test/unittest/valuetest.cpp:1830
Value.SSOMemoryOverlapTest,test/unittest/valuetest.cpp:1860
Writer.Compact,test/unittest/writertest.cpp:30
Writer.Root,test/unittest/writertest.cpp:54
Writer.Int,test/unittest/writertest.cpp:64
Writer.UInt,test/unittest/writertest.cpp:70
Writer.Int64,test/unittest/writertest.cpp:78
Writer.Uint64,test/unittest/writertest.cpp:83
Writer.String,test/unittest/writertest.cpp:88
Writer.Issue_889,test/unittest/writertest.cpp:103
Writer.ScanWriteUnescapedString,test/unittest/writertest.cpp:116
Writer.Double,test/unittest/writertest.cpp:129
Writer.Transcode,test/unittest/writertest.cpp:160
Writer.OStreamWrapper,test/unittest/writertest.cpp:221
Writer.AssertRootMayBeAnyValue,test/unittest/writertest.cpp:236
Writer.AssertIncorrectObjectLevel,test/unittest/writertest.cpp:255
Writer.AssertIncorrectArrayLevel,test/unittest/writertest.cpp:263
Writer.AssertIncorrectEndObject,test/unittest/writertest.cpp:271
Writer.AssertIncorrectEndArray,test/unittest/writertest.cpp:278
Writer.AssertObjectKeyNotString,test/unittest/writertest.cpp:285
Writer.AssertMultipleRoot,test/unittest/writertest.cpp:306
Writer.RootObjectIsComplete,test/unittest/writertest.cpp:328
Writer.RootArrayIsComplete,test/unittest/writertest.cpp:342
Writer.RootValueIsComplete,test/unittest/writertest.cpp:356
Writer.InvalidEncoding,test/unittest/writertest.cpp:377
Writer.ValidateEncoding,test/unittest/writertest.cpp:406
Writer.InvalidEventSequence,test/unittest/writertest.cpp:433
Writer.NaN,test/unittest/writertest.cpp:484
Writer.NaNToNull,test/unittest/writertest.cpp:503
Writer.Inf,test/unittest/writertest.cpp:515
Writer.InfToNull,test/unittest/writertest.cpp:539
Writer.RawValue,test/unittest/writertest.cpp:557
Writer.MoveCtor,test/unittest/writertest.cpp:617
Write.RawValue_Issue1152,test/unittest/writertest.cpp:571
